{"cameraMode":{"drawMode":0,"name":"Shaded","section":"Shading Mode"},"sceneLighting":true,"audioPlay":false,"sceneViewState":{"showFog":true,"showMaterialUpdate":false,"showSkybox":true,"showFlares":true,"showImageEffects":true,"showParticleSystems":true},"in2DMode":false,"pivot":{"x":-88.37603759765625,"y":13.270746231079102,"z":186.4003448486328},"rotation":{"x":-0.05911197513341904,"y":-0.8726279735565186,"z":0.10920704901218414,"w":-0.4723399877548218},"size":30.054340362548829,"orthographic":false}